City_ID,City,Lat,Lng,Max Temp,Humidity,Cloudiness,Wind Speed,Country,Date
0,waitangi,-43.9535,-176.5597,288.05,99,100,1.34,NZ,2024-12-31
1,tiksi,71.6872,128.8694,247.26,100,100,2.68,RU,2024-12-31
2,khor,47.8861,134.9464,247.58,100,77,1.71,RU,2024-12-31
3,college,64.8569,-147.8028,245.98,70,0,0.0,US,2024-12-31
4,terrace,54.5163,-128.6035,273.1,100,100,5.14,CA,2024-12-31
5,ust-nera,64.5667,143.2,240.55,98,100,2.01,RU,2024-12-31
6,happy valley-goose bay,53.3168,-60.3315,275.53,93,100,1.88,CA,2024-12-31
7,salinas,36.6777,-121.6555,280.41,81,0,3.09,US,2024-12-31
8,longyearbyen,78.2186,15.6401,259.06,72,20,2.57,SJ,2024-12-31
9,kapa'a,22.0752,-159.319,297.33,100,20,5.66,US,2024-12-31
10,akureyri,65.6835,-18.0878,256.87,80,5,2.17,IS,2024-12-31
11,grytviken,-54.2811,-36.5092,281.5,68,97,6.29,GS,2024-12-31
12,port alfred,-33.5906,26.891,296.58,71,59,2.24,ZA,2024-12-31
13,invercargill,-46.4,168.35,283.72,89,100,0.89,NZ,2024-12-31
14,kristinestad,62.2743,21.376,270.78,69,90,6.28,FI,2024-12-31
15,ola,59.5833,151.2833,247.76,92,7,3.42,RU,2024-12-31
16,igarka,67.4667,86.5833,260.64,93,100,10.29,RU,2024-12-31
17,constantia,44.1833,28.65,276.53,72,7,3.21,RO,2024-12-31
18,hondarribia,43.372,-1.7945,279.07,100,40,1.54,ES,2024-12-31
19,avarua,-21.2078,-159.775,295.18,100,20,0.51,CK,2024-12-31
20,margaret river,-33.95,115.0667,292.05,58,100,5.15,AU,2024-12-31
21,makurdi,7.7411,8.5121,311.74,9,99,3.66,NG,2024-12-31
22,grebenhain,50.4892,9.3386,271.65,83,13,4.43,DE,2024-12-31
23,itabera,-23.8619,-49.1372,301.58,52,69,1.57,BR,2024-12-31
24,puerto ayora,-0.7393,-90.3518,297.34,96,11,0.45,EC,2024-12-31
25,atafu village,-8.5421,-172.5159,300.97,77,97,4.38,TK,2024-12-31
26,hawaiian paradise park,19.5933,-154.9731,294.76,99,75,0.0,US,2024-12-31
27,kavieng,-2.5744,150.7967,301.15,75,87,2.56,PG,2024-12-31
28,puerto natales,-51.7236,-72.4875,289.4,55,20,8.23,CL,2024-12-31
29,edinburgh of the seven seas,-37.0676,-12.3116,287.17,72,100,8.52,SH,2024-12-31
30,hermanus,-34.4187,19.2345,295.26,62,0,7.48,ZA,2024-12-31
31,saipan,15.1355,145.701,301.54,80,40,4.63,MP,2024-12-31
32,albany,42.6001,-73.9662,278.93,74,57,0.89,US,2024-12-31
33,anadyr,64.75,177.4833,268.43,86,75,12.0,RU,2024-12-31
34,thompson,55.7435,-97.8558,266.24,93,100,3.09,CA,2024-12-31
35,kourou,5.1552,-52.6478,298.81,84,100,2.67,GF,2024-12-31
36,vadso,70.0744,29.7487,271.24,86,40,5.66,NO,2024-12-31
37,shuangjiang,26.1547,109.7138,280.93,57,0,1.67,CN,2024-12-31
38,port-aux-francais,-49.35,70.2167,277.19,71,71,13.76,TF,2024-12-31
39,palmas,-10.2128,-48.3603,302.08,70,75,5.14,BR,2024-12-31
40,ushuaia,-54.8,-68.3,282.48,99,100,0.75,AR,2024-12-31
41,papatowai,-46.5619,169.4708,284.33,90,100,1.57,NZ,2024-12-31
42,lospalos,-8.5186,127.0025,295.73,92,100,0.46,TL,2024-12-31
43,guerrero negro,27.9769,-114.0611,286.07,90,0,2.29,MX,2024-12-31
44,yigo village,13.5361,144.8886,300.31,80,75,5.14,GU,2024-12-31
45,grand falls-windsor,48.9332,-55.6649,274.54,92,100,2.24,CA,2024-12-31
46,new norfolk,-42.7826,147.0587,285.88,73,0,1.39,AU,2024-12-31
47,northam,51.0333,-4.2167,284.71,81,97,4.92,GB,2024-12-31
48,pauini,-7.7136,-66.9764,298.97,95,100,1.16,BR,2024-12-31
49,bethel,41.3712,-73.414,281.6,67,0,2.57,US,2024-12-31
50,west island,-12.1568,96.8225,299.14,83,100,1.54,CC,2024-12-31
51,jamestown,42.097,-79.2353,276.49,97,75,3.09,US,2024-12-31
52,lompoc,34.6391,-120.4579,282.55,74,0,4.92,US,2024-12-31
53,karystos,38.0133,24.4161,287.27,19,0,8.94,GR,2024-12-31
54,afaahiti,-17.75,-149.2833,297.65,89,88,3.6,PF,2024-12-31
55,richards bay,-28.783,32.0377,298.35,93,87,3.91,ZA,2024-12-31
56,shihezi,44.3,86.0333,264.68,89,100,0.74,CN,2024-12-31
57,cadale,2.7603,46.3222,298.75,74,57,9.2,SO,2024-12-31
58,yaren,-0.5472,166.916,300.4,72,100,5.52,NR,2024-12-31
59,port elizabeth,-33.918,25.5701,297.31,70,20,10.29,ZA,2024-12-31
60,mirny,62.5353,113.9611,242.53,100,100,0.28,RU,2024-12-31
61,tolanaro,-25.0319,46.9987,300.94,74,3,7.99,MG,2024-12-31
62,cabo san lucas,22.8909,-109.9124,291.32,51,0,2.57,MX,2024-12-31
63,crane,31.3974,-102.3501,281.55,33,0,6.03,US,2024-12-31
64,sake,-1.5736,29.045,294.33,69,100,0.84,CD,2024-12-31
65,hawera,-39.5917,174.2833,287.4,76,100,3.72,NZ,2024-12-31
66,lobujya,27.95,86.8167,258.6,15,0,5.14,NP,2024-12-31
67,desaguadero,-16.5656,-69.0417,287.32,45,100,5.4,PE,2024-12-31
68,castillos,-34.1667,-53.8333,298.97,52,3,5.19,UY,2024-12-31
69,karratha,-20.7377,116.8463,304.41,64,6,5.25,AU,2024-12-31
70,nagqu,31.5,92.0,264.43,25,4,1.52,CN,2024-12-31
71,adamstown,-25.066,-130.1015,296.76,86,99,8.51,PN,2024-12-31
72,isafjordur,66.0755,-23.124,266.64,70,95,3.73,IS,2024-12-31
73,xinpu,34.5997,119.1594,275.45,39,0,2.2,CN,2024-12-31
74,iqaluit,63.7506,-68.5145,249.09,69,75,1.03,CA,2024-12-31
75,fort st. john,56.2499,-120.8529,255.38,97,100,1.42,CA,2024-12-31
76,sinop,41.7711,34.8709,274.61,87,5,0.06,TR,2024-12-31
77,paoy paet,13.6561,102.5625,295.08,56,97,2.21,KH,2024-12-31
78,tirmiz,37.2242,67.2783,283.2,62,75,4.12,UZ,2024-12-31
79,stanley,54.868,-1.6985,282.33,90,20,7.72,GB,2024-12-31
80,yellowknife,62.456,-114.3525,253.36,96,100,5.18,CA,2024-12-31
81,catemaco,18.4167,-95.1167,296.47,78,91,0.47,MX,2024-12-31
82,ancud,-41.8697,-73.8203,287.18,69,51,4.27,CL,2024-12-31
83,keflavik,64.0049,-22.5624,270.39,63,75,6.17,IS,2024-12-31
84,sao joao da barra,-21.6403,-41.0511,302.2,81,14,4.46,BR,2024-12-31
85,madang,-5.2246,145.7966,298.79,86,83,1.09,PG,2024-12-31
86,lebu,-37.6167,-73.65,288.7,55,1,8.33,CL,2024-12-31
87,menongue,-14.6585,17.691,298.53,59,97,2.58,AO,2024-12-31
88,klyuchi,52.2667,79.1667,255.81,99,46,2.33,RU,2024-12-31
89,tabas,33.5959,56.9244,286.08,44,86,1.67,IR,2024-12-31
90,wailua homesteads,22.0669,-159.378,296.59,100,20,5.66,US,2024-12-31
91,caninde,-4.3589,-39.3117,308.11,35,64,3.97,BR,2024-12-31
92,ulysses,37.5814,-101.3552,268.17,100,0,4.12,US,2024-12-31
93,pingnan,23.5543,110.3976,288.02,49,0,1.73,CN,2024-12-31
94,qaqortoq,60.7167,-46.0333,258.04,71,0,2.3,GL,2024-12-31
95,carnarvon,-24.8667,113.6333,299.65,73,45,7.01,AU,2024-12-31
96,north platte,41.1239,-100.7654,269.09,76,100,4.63,US,2024-12-31
97,vila franca do campo,37.7167,-25.4333,291.42,99,100,8.34,PT,2024-12-31
98,tongliao,43.6125,122.2653,265.5,49,0,5.11,CN,2024-12-31
99,badger,64.8,-147.5333,246.29,75,0,0.0,US,2024-12-31
100,ilulissat,69.2167,-51.1,261.16,48,20,2.06,GL,2024-12-31
101,bredasdorp,-34.5322,20.0403,296.22,46,0,8.72,ZA,2024-12-31
102,tot'ma,59.9747,42.7642,268.97,91,100,4.87,RU,2024-12-31
103,tongouson,5.0214,120.1328,301.44,77,100,3.16,PH,2024-12-31
104,eregli,37.5133,34.0467,277.96,62,100,0.62,TR,2024-12-31
105,muravlenko,63.7898,74.523,265.87,87,100,12.33,RU,2024-12-31
106,thunder bay,48.4001,-89.3168,270.72,73,100,3.6,CA,2024-12-31
107,quepos,9.4236,-84.1652,300.28,74,100,0.97,CR,2024-12-31
108,dingtao,35.0683,115.5625,277.06,39,0,3.43,CN,2024-12-31
109,vorgashor,67.5833,63.95,267.31,86,100,8.47,RU,2024-12-31
110,ghat,24.9647,10.1728,295.91,15,66,5.99,LY,2024-12-31
111,udachny,66.4167,112.4,238.8,100,100,1.34,RU,2024-12-31
112,tura,25.5198,90.2201,288.63,66,0,1.59,IN,2024-12-31
113,mogadishu,2.0371,45.3438,298.79,76,50,9.34,SO,2024-12-31
114,veydelevka,50.1521,38.4492,275.12,88,81,6.82,RU,2024-12-31
115,sligo,54.2697,-8.4694,283.11,81,100,11.83,IE,2024-12-31
116,verkhnevilyuysk,63.4453,120.3167,223.77,100,83,0.65,RU,2024-12-31
117,mpongwe,-13.5091,28.155,294.26,91,100,1.48,ZM,2024-12-31
118,bilibino,68.0546,166.4372,250.08,89,17,2.96,RU,2024-12-31
119,nema,57.5067,50.5011,269.39,92,100,4.79,RU,2024-12-31
120,lorengau,-2.0226,147.2712,299.81,82,100,1.87,PG,2024-12-31
121,katsuren-haebaru,26.3369,127.8719,289.16,70,20,0.0,JP,2024-12-31
122,gamba,-2.65,10.0,301.5,74,81,4.02,GA,2024-12-31
123,blackmans bay,-43.0167,147.3167,288.22,88,12,2.54,AU,2024-12-31
124,punta arenas,-53.15,-70.9167,286.21,76,75,6.69,CL,2024-12-31
125,broome,42.2506,-75.833,277.84,82,0,3.6,US,2024-12-31
126,kiunga,-6.1219,141.2906,296.16,90,30,0.58,PG,2024-12-31
127,aktanysh,55.7216,54.0829,269.75,92,100,5.72,RU,2024-12-31
128,shalqar,47.8333,59.6,267.09,94,40,3.44,KZ,2024-12-31
129,takoradi,4.8845,-1.7554,302.67,67,68,5.27,GH,2024-12-31
130,kapuskasing,49.4169,-82.4331,270.54,88,100,3.59,CA,2024-12-31
131,ribeira grande,38.5167,-28.7,292.37,88,75,12.07,PT,2024-12-31
132,shingu,33.7333,135.9833,276.94,69,2,2.77,JP,2024-12-31
133,qamdo,31.1667,97.2333,266.79,24,1,0.83,CN,2024-12-31
134,georgetown,5.4112,100.3354,301.11,82,20,1.03,MY,2024-12-31
135,dakhla,23.6848,-15.958,294.03,39,10,4.78,EH,2024-12-31
136,kununurra,-15.7667,128.7333,301.14,89,59,1.54,AU,2024-12-31
137,kingston,17.997,-76.7936,301.02,74,20,2.06,JM,2024-12-31
138,mashhad,36.297,59.6062,278.23,81,100,3.09,IR,2024-12-31
139,arboletes,8.8505,-76.4269,300.39,77,65,3.02,CO,2024-12-31
140,tamanrasset,22.785,5.5228,294.1,11,0,3.09,DZ,2024-12-31
141,al kharj,24.155,47.3346,293.47,49,100,5.52,SA,2024-12-31
142,boa vista,2.8197,-60.6733,304.14,55,75,6.69,BR,2024-12-31
143,rawson,-43.3002,-65.1023,294.06,23,2,8.71,AR,2024-12-31
144,guangyuan,32.442,105.823,279.5,76,34,1.31,CN,2024-12-31
145,kailua-kona,19.6406,-155.9956,295.7,76,0,1.54,US,2024-12-31
146,san julian,21.0167,-102.1667,287.0,32,11,1.0,MX,2024-12-31
147,fort bragg,35.139,-79.006,285.32,89,40,3.09,US,2024-12-31
148,uturoa,-16.7333,-151.4333,300.83,70,45,1.6,PF,2024-12-31
149,howard springs,-12.497,131.047,299.1,97,95,1.57,AU,2024-12-31
150,malanje,-9.5402,16.341,296.59,82,96,2.39,AO,2024-12-31
151,salinas victoria,25.95,-100.2833,292.77,20,0,3.6,MX,2024-12-31
152,viljandi,58.3639,25.59,272.26,74,100,3.61,EE,2024-12-31
153,wenling,28.3669,121.36,280.05,59,0,3.84,CN,2024-12-31
154,valparaiso,-33.0393,-71.6273,295.08,58,0,5.66,CL,2024-12-31
155,geraldton,-28.7667,114.6,296.38,83,100,3.09,AU,2024-12-31
156,posto fiscal rolim de moura,-13.0833,-62.2667,305.19,54,100,2.1,BR,2024-12-31
157,petropavlovsk-kamchatsky,53.0452,158.6483,260.25,84,86,5.63,RU,2024-12-31
158,yemetsk,63.4721,41.7941,269.31,91,100,5.29,RU,2024-12-31
159,pangkalpinang,-2.1333,106.1333,298.76,88,94,2.31,ID,2024-12-31
160,porbandar,21.6422,69.6093,296.62,34,0,4.06,IN,2024-12-31
161,redencao,-4.2258,-38.7306,309.26,33,68,5.39,BR,2024-12-31
162,zemio,5.0314,25.1361,308.75,14,60,2.85,CF,2024-12-31
163,bolotnoye,55.6717,84.3981,253.27,100,81,2.5,RU,2024-12-31
164,el calafate,-50.3408,-72.2768,288.46,66,84,4.34,AR,2024-12-31
165,la ronge,55.1001,-105.2842,256.27,78,100,6.17,CA,2024-12-31
166,kuraymah,18.55,31.85,296.01,17,10,6.97,SD,2024-12-31
167,cidreira,-30.1811,-50.2056,297.27,78,19,7.14,BR,2024-12-31
168,fuji,35.1667,138.6833,277.47,54,2,3.0,JP,2024-12-31
169,nemuro,43.3236,145.575,271.43,89,100,11.34,JP,2024-12-31
170,olonkinbyen,70.9221,-8.7187,267.36,64,100,8.91,SJ,2024-12-31
171,panjab,34.388,67.0233,262.23,94,97,1.95,AF,2024-12-31
172,visby,57.6409,18.296,275.27,60,100,3.09,SE,2024-12-31
173,hengchun,22.0042,120.7439,290.89,83,100,11.36,TW,2024-12-31
174,jackson,42.4165,-122.8345,273.75,95,100,2.06,US,2024-12-31
175,tadmur,34.5608,38.2805,282.47,68,33,0.97,SY,2024-12-31
176,tralee,52.2704,-9.7026,283.29,100,100,9.26,IE,2024-12-31
177,labuan,5.2767,115.2417,300.98,83,100,0.89,MY,2024-12-31
178,bonthe,7.5264,-12.505,305.31,44,17,5.27,SL,2024-12-31
179,tasgaon,17.0333,74.6,297.83,40,0,4.48,IN,2024-12-31
180,port shepstone,-30.7414,30.455,297.42,88,100,8.47,ZA,2024-12-31
181,weno,7.4515,151.8468,300.12,78,100,2.06,FM,2024-12-31
182,tarcento,46.2122,13.2258,282.87,62,0,0.14,IT,2024-12-31
183,titabar,26.6,94.2,288.89,69,0,1.49,IN,2024-12-31
184,mana,5.6592,-53.7767,300.91,75,68,4.46,GF,2024-12-31
185,saint-philippe,-21.3585,55.7679,299.24,81,47,3.85,RE,2024-12-31
186,caconda,-13.7333,15.0667,298.41,49,36,1.68,AO,2024-12-31
187,kolonia town,6.964,158.206,298.15,94,75,0.0,FM,2024-12-31
188,touros,-5.1989,-35.4608,303.9,59,27,6.68,BR,2024-12-31
189,rio grande,-32.035,-52.0986,296.92,73,48,7.83,BR,2024-12-31
190,dongola,19.1667,30.4833,295.24,19,2,8.08,SD,2024-12-31
191,okakarara,-20.5833,17.4333,305.66,25,92,4.1,NA,2024-12-31
192,rohatyn,49.409,24.6093,275.26,64,87,1.75,UA,2024-12-31
193,porto novo,6.4965,2.6036,304.53,55,4,5.91,BJ,2024-12-31
194,codrington,-38.2667,141.9667,284.98,80,0,1.73,AU,2024-12-31
195,luebo,-5.35,21.4167,304.81,46,91,1.99,CD,2024-12-31
196,cabedelo,-6.9811,-34.8339,304.52,61,84,5.7,BR,2024-12-31
197,ust'-kalmanka,52.1207,83.305,254.39,99,72,1.6,RU,2024-12-31
198,tommot,58.9564,126.2925,246.34,100,100,0.58,RU,2024-12-31
199,mount gambier,-37.8333,140.7667,282.92,89,0,1.5,AU,2024-12-31
200,abbeville,50.1,1.8333,278.42,77,100,6.61,FR,2024-12-31
201,archbald,41.4948,-75.5369,278.16,82,9,1.34,US,2024-12-31
202,mahebourg,-20.4081,57.7,300.31,74,40,7.2,MU,2024-12-31
203,commerce,34.0006,-118.1598,284.94,94,100,2.06,US,2024-12-31
204,arraial do cabo,-22.9661,-42.0278,301.07,69,20,4.12,BR,2024-12-31
205,saldanha,-33.0117,17.9442,292.94,65,0,6.1,ZA,2024-12-31
206,saint-maximin-la-sainte-baume,43.4521,5.8622,283.39,56,0,0.36,FR,2024-12-31
207,amungan,15.3652,119.9582,300.11,75,68,1.78,PH,2024-12-31
208,alofi,-19.0595,-169.9187,297.09,94,64,1.54,NU,2024-12-31
209,aykhal,66.0,111.5,242.65,100,100,2.36,RU,2024-12-31
210,isnos,1.9356,-76.2406,288.73,97,100,1.15,CO,2024-12-31
211,selfoss,63.9331,-20.9971,263.03,77,98,4.59,IS,2024-12-31
212,saurimo,-9.6608,20.3916,296.3,88,81,2.41,AO,2024-12-31
213,inarajan village,13.2736,144.7484,300.59,86,90,6.16,GU,2024-12-31
214,bratsk,56.1325,101.6142,263.42,89,100,5.09,RU,2024-12-31
215,dryden,49.7833,-92.7503,265.31,93,100,4.12,CA,2024-12-31
216,la gi,10.6667,107.7833,297.41,85,100,1.06,VN,2024-12-31
217,newman,37.3138,-121.0208,276.51,63,0,2.42,US,2024-12-31
218,dudinka,69.4058,86.1778,260.49,91,100,11.91,RU,2024-12-31
219,polyarnyy,69.1989,33.4478,271.92,78,100,9.13,RU,2024-12-31
220,praya,14.9215,-23.5087,302.45,45,0,7.2,CV,2024-12-31
221,thinadhoo,0.5333,72.9333,300.29,71,7,5.09,MV,2024-12-31
222,vilyuchinsk,52.9306,158.4028,259.92,82,78,4.77,RU,2024-12-31
223,coahuayana de hidalgo,18.7,-103.6583,296.93,59,36,1.28,MX,2024-12-31
224,sussex,41.1834,-74.6663,280.57,73,4,0.45,US,2024-12-31
225,zhangjiakou shi xuanhua qu,40.6103,115.0447,268.89,49,5,2.41,CN,2024-12-31
226,lastoursville,-0.8143,12.7287,306.36,42,100,0.57,GA,2024-12-31
227,namibe,-15.1961,12.1522,298.91,68,70,4.79,AO,2024-12-31
228,menaka,15.9182,2.4022,306.12,9,0,4.01,ML,2024-12-31
229,bamboo flat,11.7,92.7167,300.2,78,75,4.63,IN,2024-12-31
230,whitehorse,60.7161,-135.0538,256.58,85,100,1.54,CA,2024-12-31
231,uberaba,-19.7483,-47.9319,297.09,75,87,2.65,BR,2024-12-31
232,deir ez-zor,35.3359,40.1408,285.88,59,68,1.2,SY,2024-12-31
233,karasburg,-28.0167,18.75,306.2,12,0,8.13,NA,2024-12-31
234,nefta,33.8731,7.8777,289.93,52,100,8.49,TN,2024-12-31
235,puerto carreno,6.189,-67.4859,304.14,58,0,3.09,CO,2024-12-31
236,tadine,-21.55,167.8833,294.69,74,100,2.81,NC,2024-12-31
237,brokopondo,4.75,-55.1667,300.73,70,88,1.48,SR,2024-12-31
238,st. john's,47.5649,-52.7093,274.8,95,86,1.34,CA,2024-12-31
239,russi,44.3725,12.0322,284.23,64,0,1.03,IT,2024-12-31
240,wewak,-3.5534,143.6268,299.36,87,100,2.08,PG,2024-12-31
241,port saint john's,-31.6229,29.5448,297.02,88,100,5.81,ZA,2024-12-31
242,kittila,67.6647,24.8936,270.23,68,100,3.6,FI,2024-12-31
243,homer,59.6425,-151.5483,279.09,56,100,6.17,US,2024-12-31
244,nadi,-17.8,177.4167,297.15,83,20,2.57,FJ,2024-12-31
245,huarmey,-10.0681,-78.1522,295.65,76,25,3.15,PE,2024-12-31
246,el bauga,18.262,33.9081,297.1,19,5,7.0,SD,2024-12-31
247,sitka,57.0531,-135.33,277.09,41,0,4.63,US,2024-12-31
248,remire-montjoly,4.9167,-52.2667,298.17,100,100,2.06,GF,2024-12-31
249,lazaro cardenas,17.9583,-102.2,297.03,49,76,1.43,MX,2024-12-31
250,sungurlu,40.1675,34.3739,276.46,65,3,1.33,TR,2024-12-31
251,ketchikan,55.3422,-131.6461,275.92,93,100,1.79,US,2024-12-31
252,gifford,27.6753,-80.4092,296.17,94,75,4.12,US,2024-12-31
253,princeville,45.7668,-61.2985,280.8,98,100,4.63,CA,2024-12-31
254,malango,-2.9627,119.9001,293.17,97,100,0.84,ID,2024-12-31
255,nikolayevsk-on-amure,53.1406,140.73,243.92,99,78,1.37,RU,2024-12-31
256,kill devil hills,36.0307,-75.676,287.03,84,0,3.09,US,2024-12-31
257,gannan,47.9147,123.5031,251.22,99,43,2.18,CN,2024-12-31
258,utrik,11.2278,169.8474,300.18,77,2,6.86,MH,2024-12-31
259,aasiaat,68.7098,-52.8699,251.11,81,1,2.59,GL,2024-12-31
260,kavaratti,10.5669,72.642,301.36,71,97,1.55,IN,2024-12-31
261,antofagasta,-23.65,-70.4,293.75,69,33,4.23,CL,2024-12-31
262,tazacorte,28.629,-17.9293,293.69,65,20,4.47,ES,2024-12-31
263,axim,4.8699,-2.2405,302.97,67,36,5.37,GH,2024-12-31
264,flying fish cove,-10.4217,105.6791,298.97,94,75,2.57,CX,2024-12-31
265,port macquarie,-31.4333,152.9167,292.08,96,22,2.15,AU,2024-12-31
266,tromso,69.6496,18.957,272.16,69,75,8.23,NO,2024-12-31
267,el ejido,36.7763,-2.8146,287.28,60,76,5.9,ES,2024-12-31
268,baker city,44.7749,-117.8344,267.99,80,0,0.0,US,2024-12-31
269,bayanhongor,46.7167,100.1167,249.59,89,63,1.68,MN,2024-12-31
270,ta`u,-14.2336,-169.5144,301.32,73,86,1.92,AS,2024-12-31
271,veracruz,19.3333,-96.6667,295.88,48,56,0.55,MX,2024-12-31
272,yambio,4.5721,28.3955,307.3,18,36,2.09,SS,2024-12-31
273,sinabang,2.4803,96.3801,299.8,80,100,1.25,ID,2024-12-31
274,philadelphia,39.9523,-75.1638,282.38,66,25,2.3,US,2024-12-31
275,hamilton,39.1834,-84.5333,283.5,92,68,2.24,US,2024-12-31
276,inhambane,-23.865,35.3833,304.14,74,40,6.17,MZ,2024-12-31
277,talnakh,69.4865,88.3972,257.74,93,100,7.37,RU,2024-12-31
278,santa vitoria do palmar,-33.5189,-53.3681,299.18,55,10,4.79,BR,2024-12-31
279,kurchatov,51.6601,35.6521,275.99,88,100,7.16,RU,2024-12-31
280,acapulco de juarez,16.8634,-99.8901,296.05,83,75,2.57,MX,2024-12-31
281,hasaki,35.7333,140.8333,281.03,40,4,11.07,JP,2024-12-31
282,kodiak,57.79,-152.4072,277.88,87,100,15.95,US,2024-12-31
283,ebaye,8.7748,167.7392,300.16,83,75,5.66,MH,2024-12-31
284,galveston,29.3669,-94.9669,291.51,65,0,2.24,US,2024-12-31
285,'ain deheb,34.8422,1.547,278.37,80,100,4.1,DZ,2024-12-31
286,zalingei,12.9096,23.4741,303.77,8,1,1.95,SD,2024-12-31
287,port blair,11.6667,92.75,300.17,78,75,4.63,IN,2024-12-31
288,port lincoln,-34.7333,135.8667,289.59,83,2,5.31,AU,2024-12-31
289,bairnsdale,-37.8333,147.6167,288.18,92,8,1.62,AU,2024-12-31
290,nizhniy kuranakh,58.8353,125.4869,248.23,100,100,0.75,RU,2024-12-31
291,viqueque,-8.8673,126.3658,298.27,87,100,1.5,TL,2024-12-31
292,kazlu ruda,54.7667,23.5,275.93,85,100,5.39,LT,2024-12-31
293,portland,45.5234,-122.6762,276.25,96,73,3.13,US,2024-12-31
294,kidal,18.4411,1.4078,302.51,10,0,3.78,ML,2024-12-31
295,haifa,32.8156,34.9892,285.67,82,40,3.09,IL,2024-12-31
296,callao,-12.0667,-77.15,295.31,78,0,3.09,PE,2024-12-31
297,as sulayyil,20.4607,45.5779,297.24,21,100,2.63,SA,2024-12-31
298,khash,28.2211,61.2158,286.28,64,95,3.62,IR,2024-12-31
299,turaif,31.6725,38.6637,281.29,76,75,3.09,SA,2024-12-31
300,tottori,35.5,134.2333,279.13,61,100,4.18,JP,2024-12-31
301,mount isa,-20.7333,139.5,293.02,40,0,2.06,AU,2024-12-31
302,moussoro,13.6408,16.4901,304.92,9,10,7.48,TD,2024-12-31
303,kaa-khem,51.6833,94.7333,249.73,93,17,1.95,RU,2024-12-31
304,mansoa,12.0733,-15.3189,310.82,11,0,3.77,GW,2024-12-31
305,selma,36.5708,-119.6121,277.64,100,0,1.54,US,2024-12-31
306,iskateley,67.6803,53.1512,267.84,92,100,11.58,RU,2024-12-31
307,revda,56.801,59.9303,268.43,89,100,4.83,RU,2024-12-31
308,baruun-urt,46.6806,113.2792,257.07,81,87,3.06,MN,2024-12-31
309,nuuk,64.1835,-51.7216,264.49,57,20,3.09,GL,2024-12-31
310,port mathurin,-19.6833,63.4167,298.93,70,49,5.13,MU,2024-12-31
311,tazovsky,67.4667,78.7,264.11,93,100,9.93,RU,2024-12-31
312,lerwick,60.1545,-1.1494,275.18,96,100,15.93,GB,2024-12-31
313,sumbawa besar,-8.5,117.4333,297.39,100,100,1.76,ID,2024-12-31
314,utraula,27.3167,82.4167,286.82,54,0,3.71,IN,2024-12-31
315,mendoza,-32.8908,-68.8272,301.87,41,13,3.53,AR,2024-12-31
316,sao vicente,-23.9631,-46.3919,300.34,83,48,2.68,BR,2024-12-31
317,berriane,32.8265,3.7669,285.83,56,100,10.06,DZ,2024-12-31
318,cova figueira,14.8905,-24.2934,294.35,58,71,3.77,CV,2024-12-31
319,muslyumovo,55.3033,53.1947,269.72,93,100,4.66,RU,2024-12-31
320,puerto madero,14.7208,-92.4215,299.26,83,20,0.0,MX,2024-12-31
321,greymouth,-42.4667,171.2,283.69,86,13,3.09,NZ,2024-12-31
322,quang ngai,15.1167,108.8,292.59,92,100,2.04,VN,2024-12-31
323,plettenberg bay,-34.0527,23.3716,294.4,63,75,4.94,ZA,2024-12-31
324,sawakin,19.1059,37.3321,296.38,58,100,7.15,SD,2024-12-31
325,melfort,52.8667,-104.6177,258.22,85,100,4.63,CA,2024-12-31
326,kayangel,8.0823,134.7173,301.79,78,100,5.94,PW,2024-12-31
327,pemba,-12.974,40.5178,303.54,79,75,5.58,MZ,2024-12-31
328,la passe,45.5549,-0.8967,281.75,65,8,2.11,FR,2024-12-31
329,shancheng,34.7953,116.0817,276.86,37,0,3.53,CN,2024-12-31
330,sao francisco de assis,-29.5503,-55.1311,305.95,37,0,2.97,BR,2024-12-31
331,pisco,-13.7,-76.2167,295.38,88,97,2.57,PE,2024-12-31
332,rongelap,11.1635,166.8941,300.39,77,2,7.71,MH,2024-12-31
333,ciudad bolivar,8.1222,-63.5497,303.62,54,100,3.7,VE,2024-12-31
334,micheweni,-4.9667,39.8333,301.17,79,27,6.88,TZ,2024-12-31
335,port moresby,-9.4431,147.1797,298.14,89,28,1.26,PG,2024-12-31
336,tangalle,6.024,80.7911,298.37,88,95,5.32,LK,2024-12-31
337,ulladulla,-35.35,150.4667,291.26,95,26,1.27,AU,2024-12-31
338,tabou,4.423,-7.3528,303.38,62,48,4.99,CI,2024-12-31
339,viedma,-40.8135,-62.9967,297.26,24,6,3.59,AR,2024-12-31
340,areado,-21.3586,-46.1456,299.9,62,35,1.51,BR,2024-12-31
341,mhamid,29.82,-5.72,287.51,33,3,0.6,MA,2024-12-31
342,itoman,26.1247,127.6694,289.16,63,75,3.6,JP,2024-12-31
343,aljustrel,37.8776,-8.1652,287.93,49,64,2.12,PT,2024-12-31
344,meadow lakes,61.6247,-149.6011,266.64,64,99,2.68,US,2024-12-31
345,el jadid,33.2549,-8.506,289.92,65,41,3.07,MA,2024-12-31
346,tarnogskiy gorodok,60.4997,43.5761,269.28,86,100,5.31,RU,2024-12-31
347,ak-suu,42.4995,78.527,267.52,60,17,3.94,KG,2024-12-31
348,mar del plata,-38.0023,-57.5575,298.44,70,100,6.94,AR,2024-12-31
349,harper,4.375,-7.7169,303.29,64,42,5.57,LR,2024-12-31
350,twon-brass,4.3151,6.2418,301.78,74,95,6.97,NG,2024-12-31
351,howrah,22.5892,88.3103,292.15,68,0,2.57,IN,2024-12-31
352,muisne,0.6,-80.0333,297.97,82,98,3.65,EC,2024-12-31
353,belo sur tsiribihina,-19.7,44.55,301.68,70,87,3.18,MG,2024-12-31
354,tuy hoa,13.0833,109.3,294.01,93,100,3.54,VN,2024-12-31
355,poronaysk,49.2167,143.1167,250.57,100,91,3.14,RU,2024-12-31
356,boa esperanca,-21.09,-45.5658,299.45,66,51,2.02,BR,2024-12-31
357,margate,51.3813,1.3862,283.08,85,100,0.89,GB,2024-12-31
358,manggar,-2.8833,108.2667,298.72,86,98,2.91,ID,2024-12-31
359,alice springs,-23.7,133.8833,298.9,17,94,2.06,AU,2024-12-31
360,belokurikha,51.9959,84.9896,260.69,91,5,2.59,RU,2024-12-31
361,manicore,-5.8092,-61.3003,300.12,93,100,1.14,BR,2024-12-31
362,red bluff,40.1785,-122.2358,274.22,75,0,1.54,US,2024-12-31
363,luwingu,-10.2621,29.9271,292.15,91,100,1.35,ZM,2024-12-31
364,fojnica,43.9625,17.8983,276.47,93,29,1.8,BA,2024-12-31
365,daru,-9.0763,143.2092,300.38,69,42,1.82,PG,2024-12-31
366,east london,-33.0153,27.9116,295.67,64,20,9.26,ZA,2024-12-31
367,ome,35.7839,139.2431,278.74,41,0,7.72,JP,2024-12-31
368,chegdomyn,51.1167,133.0167,241.35,100,46,0.73,RU,2024-12-31
369,dawson creek,55.7666,-120.2362,258.95,78,75,4.12,CA,2024-12-31
370,north bondi,-33.8824,151.2769,295.54,81,1,2.57,AU,2024-12-31
371,palikir - national government center,6.9248,158.1611,297.56,94,75,0.0,FM,2024-12-31
372,jining,35.405,116.5814,275.43,47,0,3.35,CN,2024-12-31
373,san patricio,28.017,-97.5169,287.12,45,1,7.58,US,2024-12-31
374,prainha,-1.8,-53.48,303.53,57,95,1.15,BR,2024-12-31
375,neiafu,-18.65,-173.9833,299.53,83,20,0.0,TO,2024-12-31
376,bridgeport,41.167,-73.2048,282.64,68,0,2.06,US,2024-12-31
377,challapata,-18.9,-66.7667,289.31,41,66,3.9,BO,2024-12-31
378,necochea,-38.5473,-58.7368,301.16,40,100,6.68,AR,2024-12-31
379,kasongo-lunda,-6.4667,16.8167,303.83,57,96,0.57,CD,2024-12-31
380,saint-pierre,-21.3393,55.4781,300.97,69,0,7.72,RE,2024-12-31
381,lata,40.1629,-8.3327,288.98,47,7,1.87,PT,2024-12-31
382,hadibu,12.65,54.0333,297.14,69,19,3.12,YE,2024-12-31
383,kushiro,42.975,144.3747,270.36,87,100,5.29,JP,2024-12-31
384,cedro,-6.6067,-39.0622,310.37,22,13,3.74,BR,2024-12-31
385,aral,40.5156,81.2636,266.31,74,30,2.02,CN,2024-12-31
386,fereydun kenar,36.6864,52.5225,283.84,66,88,4.2,IR,2024-12-31
387,arkalyk,50.2486,66.9114,254.76,100,82,3.35,KZ,2024-12-31
388,puerto deseado,-47.7503,-65.8938,289.69,42,0,7.12,AR,2024-12-31
389,camana,-16.6228,-72.7111,295.82,77,99,4.49,PE,2024-12-31
390,wanganui,-39.9333,175.05,287.39,73,100,6.81,NZ,2024-12-31
391,huaraz,-9.5333,-77.5333,289.51,59,79,0.86,PE,2024-12-31
392,mili,6.0815,171.735,299.95,82,100,8.79,MH,2024-12-31
393,pasuquin,18.3328,120.6177,300.12,74,75,4.12,PH,2024-12-31
394,kerikeri,-35.2268,173.9474,288.66,86,3,0.45,NZ,2024-12-31
395,nouadhibou,20.931,-17.0347,298.14,29,2,6.17,MR,2024-12-31
396,korla,41.7597,86.1469,262.7,89,19,1.65,CN,2024-12-31
397,hammerfest,70.6634,23.6821,273.4,93,100,2.57,NO,2024-12-31
398,gunnison,38.7,-107.0673,257.62,95,100,0.63,US,2024-12-31
399,christchurch,-43.5333,172.6333,285.26,91,75,4.12,NZ,2024-12-31
400,yatou,37.15,122.3833,273.04,48,0,2.32,CN,2024-12-31
401,uruguaiana,-29.7547,-57.0883,305.14,42,0,3.32,BR,2024-12-31
402,faya-largeau,17.9257,19.1043,298.46,13,39,10.09,TD,2024-12-31
403,pineville,31.3224,-92.4343,288.11,78,0,4.12,US,2024-12-31
404,vilyuysk,63.7553,121.6247,229.85,97,100,0.87,RU,2024-12-31
405,soio,-6.1349,12.3689,302.08,73,100,5.11,AO,2024-12-31
406,labrador city,52.9463,-66.9114,273.81,98,100,17.43,CA,2024-12-31
407,luderitz,-26.6481,15.1594,295.76,60,0,10.6,NA,2024-12-31
408,turpan,42.9333,89.1667,266.07,44,20,1.01,CN,2024-12-31
409,solok,-0.7918,100.6593,294.8,91,53,1.49,ID,2024-12-31
410,hotan,37.0997,79.9269,270.7,48,90,0.71,CN,2024-12-31
411,kerema,-7.9631,145.7785,298.54,87,75,1.41,PG,2024-12-31
412,brisas barra de suchiate,14.55,-92.2167,299.14,71,97,1.68,MX,2024-12-31
413,swellendam,-34.0226,20.4417,300.91,31,0,6.12,ZA,2024-12-31
414,yuzhno-kurilsk,44.0306,145.8556,270.25,91,100,3.79,RU,2024-12-31
415,gunjur,13.2019,-16.7339,307.19,21,0,4.12,GM,2024-12-31
416,glennville,31.9366,-81.9285,288.03,73,0,4.25,US,2024-12-31
417,ixtapa,20.7,-105.2,293.28,77,75,2.57,MX,2024-12-31
418,swakopmund,-22.6833,14.5333,293.26,70,39,8.91,NA,2024-12-31
419,lobva,59.1854,60.5185,267.4,88,99,4.53,RU,2024-12-31
420,tanjung selor,2.8372,117.3642,296.88,98,56,0.6,ID,2024-12-31
421,calama,-22.4667,-68.9333,295.42,11,0,3.09,CL,2024-12-31
422,berdyaush,55.1619,59.1464,269.26,87,100,3.73,RU,2024-12-31
423,chardara,41.2547,67.9692,278.76,78,94,2.2,KZ,2024-12-31
424,sibolga,1.7427,98.7792,298.68,86,100,0.88,ID,2024-12-31
425,kristiansund,63.1115,7.732,271.51,86,75,2.57,NO,2024-12-31
426,harstad,68.799,16.5293,271.01,85,44,4.81,NO,2024-12-31
427,bor,56.3567,44.0669,272.11,96,100,3.06,RU,2024-12-31
428,katsuura,35.1333,140.3,280.91,48,8,10.33,JP,2024-12-31
429,black river,18.0264,-77.8487,299.37,62,46,0.73,JM,2024-12-31
430,oranjemund,-28.55,16.4333,294.04,67,0,7.57,NA,2024-12-31
431,estevan,49.1334,-102.9842,262.26,79,100,11.32,CA,2024-12-31
432,decorah,43.3033,-91.7857,272.66,100,100,5.14,US,2024-12-31
433,horta,38.5333,-28.6333,291.95,93,75,12.07,PT,2024-12-31
434,fale old settlement,-9.3852,-171.2468,301.27,76,56,4.39,TK,2024-12-31
435,altai,46.3722,96.2583,255.5,96,97,1.68,MN,2024-12-31
436,hithadhoo,-0.6,73.0833,300.25,73,76,5.66,MV,2024-12-31
437,holualoa,19.6228,-155.9522,293.63,76,0,1.54,US,2024-12-31
438,aliwal north,-30.6937,26.7114,305.73,18,100,6.14,ZA,2024-12-31
439,kralendijk,12.15,-68.2667,299.14,89,40,4.12,BQ,2024-12-31
440,at taj,24.2049,23.2857,290.08,30,81,5.63,LY,2024-12-31
441,wanning,18.8003,110.3967,291.46,72,100,3.19,CN,2024-12-31
442,minas de marcona,-15.2119,-75.1103,293.65,65,90,4.42,PE,2024-12-31
443,oamaru,-45.0784,170.9801,285.03,89,91,3.93,NZ,2024-12-31
444,mawlamyinegyunn,16.3833,95.2667,294.86,72,10,2.83,MM,2024-12-31
445,port douglas,-16.4833,145.4667,299.05,79,21,0.53,AU,2024-12-31
446,cuyo,10.8525,121.0086,300.56,83,53,3.28,PH,2024-12-31
447,jiagedaqi,50.4167,124.1167,246.34,100,57,1.47,CN,2024-12-31
448,nova vicosa,-17.8919,-39.3719,304.19,57,100,4.24,BR,2024-12-31
449,enewetak,11.3474,162.3373,300.62,77,9,7.89,MH,2024-12-31
450,susuman,62.7833,148.1667,242.05,99,98,0.65,RU,2024-12-31
451,soure,-0.7167,-48.5233,302.59,70,64,4.19,BR,2024-12-31
452,ocampo,21.65,-101.5,286.73,25,33,1.18,MX,2024-12-31
453,la'ie,21.6477,-157.9253,297.1,82,40,4.02,US,2024-12-31
454,kamloops,50.6665,-120.3192,273.7,80,100,4.12,CA,2024-12-31
455,long beach,33.767,-118.1892,285.18,97,100,0.89,US,2024-12-31
456,greytown,-29.0642,30.5928,296.7,75,90,3.11,ZA,2024-12-31
457,marine corps base hawaii - mcbh,21.4453,-157.7513,297.29,82,59,1.79,US,2024-12-31
458,nova sintra,14.8667,-24.7167,299.01,73,100,5.2,CV,2024-12-31
459,whakatane,-37.9585,176.9854,286.21,93,7,2.8,NZ,2024-12-31
460,mukalla,14.5425,49.1242,296.4,61,20,1.93,YE,2024-12-31
461,bejar,40.3864,-5.7634,284.03,45,1,0.89,ES,2024-12-31
462,newport,51.5877,-2.9984,285.62,81,100,11.8,GB,2024-12-31
463,kirov,58.5966,49.6601,269.64,92,100,4.95,RU,2024-12-31
464,buka,40.8108,69.1986,277.74,89,100,2.68,UZ,2024-12-31
465,pangody,65.85,74.4859,267.37,91,100,11.12,RU,2024-12-31
466,taungoo,18.9333,96.4333,293.57,67,2,1.42,MM,2024-12-31
467,hilo,19.7297,-155.09,294.88,99,75,0.89,US,2024-12-31
468,sabang,5.8933,95.3214,301.24,73,96,6.32,ID,2024-12-31
469,ciudad lazaro cardenas,17.9583,-102.2,297.03,49,76,1.43,MX,2024-12-31
470,visakhapatnam,17.69,83.2093,297.09,100,20,1.54,IN,2024-12-31
471,gadzhiyevo,69.2551,33.3362,271.84,79,100,8.83,RU,2024-12-31
472,lakhipur,26.0299,90.3041,290.48,60,0,1.61,IN,2024-12-31
473,meadow lake,34.8014,-106.5436,276.86,38,71,0.86,US,2024-12-31
474,onguday,50.75,86.15,255.84,99,46,1.33,RU,2024-12-31
475,island harbour,50.724,-1.2758,285.39,90,89,4.47,GB,2024-12-31
476,chonchi,-42.6128,-73.8092,288.77,59,78,2.4,CL,2024-12-31
477,kirakira,-10.4544,161.9205,299.17,87,20,2.07,SB,2024-12-31
478,zhanibek,49.4167,46.85,272.94,85,88,6.61,KZ,2024-12-31
479,fisterra,42.9049,-9.2629,285.16,68,1,5.39,ES,2024-12-31
480,inirida,3.8653,-67.9239,303.59,64,44,1.99,CO,2024-12-31
481,remiremont,48.0175,6.5882,275.09,84,77,2.04,FR,2024-12-31
482,andes,5.6561,-75.8788,295.94,74,83,1.37,CO,2024-12-31
483,uige,-7.6087,15.0613,296.35,86,100,0.47,AO,2024-12-31
484,palmer,42.1584,-72.3287,280.84,63,60,1.72,US,2024-12-31
485,wiwili,13.6268,-85.8254,297.58,88,100,1.78,NI,2024-12-31
486,beledweyne,4.7358,45.2036,304.99,26,33,5.2,SO,2024-12-31
487,luena,-11.7833,19.9167,297.2,67,74,2.98,AO,2024-12-31
488,bel ombre,-4.6167,55.4167,301.06,78,40,2.06,SC,2024-12-31
489,antsiranana,-12.2787,49.2917,298.6,87,100,1.84,MG,2024-12-31
490,santo antonio,-6.3106,-35.4789,307.99,36,79,7.49,BR,2024-12-31
491,saint joseph,39.7686,-94.8466,276.05,88,100,8.23,US,2024-12-31
492,aitape,-3.1374,142.3475,298.69,90,98,1.91,PG,2024-12-31
493,puerto baquerizo moreno,-0.9,-89.6,298.7,78,75,5.14,EC,2024-12-31
494,kenai,60.5544,-151.2583,270.45,65,20,8.75,US,2024-12-31
495,amuntai,-2.4177,115.2494,296.91,93,100,0.55,ID,2024-12-31
496,marquette,46.5333,-87.6335,273.17,89,100,1.79,US,2024-12-31
497,wynyard,-41.0,145.7167,283.25,80,0,0.89,AU,2024-12-31
498,lihue,21.9789,-159.3672,296.92,100,20,5.66,US,2024-12-31
499,omaruru,-21.4333,15.9333,308.19,15,28,5.92,NA,2024-12-31
500,luzino,54.9481,73.0353,263.02,92,75,6.0,RU,2024-12-31
501,luwuk,-0.9516,122.7875,296.97,90,94,0.56,ID,2024-12-31
502,abhar,36.1468,49.218,273.48,84,99,2.3,IR,2024-12-31
503,yerofey pavlovich,53.9667,121.9667,246.46,98,100,1.33,RU,2024-12-31
504,hassi messaoud,31.6804,6.0729,291.29,33,100,9.53,DZ,2024-12-31
505,mersa matruh,31.3525,27.2453,289.61,52,97,5.9,EG,2024-12-31
506,kisangani,0.5167,25.2,306.9,31,100,0.8,CD,2024-12-31
507,dao,11.3937,122.6856,297.38,94,99,0.83,PH,2024-12-31
508,kurumkan,54.3,110.3,254.74,94,71,1.78,RU,2024-12-31
509,tual,-5.6667,132.75,301.34,71,75,1.78,ID,2024-12-31
510,arteche,12.2645,125.4048,298.32,92,100,1.84,PH,2024-12-31
511,skwierzyna,52.5991,15.5065,275.32,74,11,4.24,PL,2024-12-31
512,haiku-pauwela,20.9219,-156.3051,295.95,90,40,7.2,US,2024-12-31
513,hechuan,29.9947,106.2572,283.21,66,0,1.37,CN,2024-12-31
514,labe,11.3182,-12.2833,303.54,13,0,2.84,GN,2024-12-31
515,libreville,0.3925,9.4537,302.0,72,97,3.63,GA,2024-12-31
516,usinsk,65.9939,57.5281,268.54,90,100,10.62,RU,2024-12-31
517,l'vovskiy,55.3142,37.5158,273.13,87,79,5.34,RU,2024-12-31
518,marseillan,43.3562,3.528,282.61,83,40,2.06,FR,2024-12-31
519,greenville,35.6127,-77.3663,287.16,84,0,1.79,US,2024-12-31
520,barranca,-10.75,-77.7667,295.7,73,62,3.08,PE,2024-12-31
521,barra de santo antonio,-9.4047,-35.5072,301.68,62,94,5.08,BR,2024-12-31
522,auki,-8.7676,160.7034,298.52,88,52,1.35,SB,2024-12-31
523,praia da vitoria,38.7333,-27.0667,289.76,90,100,11.5,PT,2024-12-31
524,at taraf,25.3628,49.725,293.45,56,100,6.1,SA,2024-12-31
525,santa ana,33.7456,-117.8678,284.68,93,100,1.54,US,2024-12-31
526,bichura,50.5881,107.6022,257.34,96,100,2.28,RU,2024-12-31
527,al jawf,29.5,38.75,284.66,40,20,0.71,SA,2024-12-31
528,mount pearl,47.5166,-52.7813,274.34,96,100,1.79,CA,2024-12-31
529,farsan,32.2569,50.561,274.2,68,1,3.01,IR,2024-12-31
530,aurora,39.7294,-104.8319,267.13,82,40,0.45,US,2024-12-31
531,ljusdal,61.8288,16.0913,261.59,90,63,1.47,SE,2024-12-31
532,montagu,-40.7667,144.9667,283.31,86,0,2.93,AU,2024-12-31
533,oistins,13.0667,-59.5333,302.2,48,20,7.2,BB,2024-12-31
534,cafayate,-26.073,-65.9761,297.89,51,3,2.9,AR,2024-12-31
535,papao,-17.75,-149.55,298.97,89,98,4.34,PF,2024-12-31
536,kodinsk,58.6881,99.1844,260.63,95,100,2.42,RU,2024-12-31
537,las piedras,-34.7264,-56.22,299.83,53,40,4.12,UY,2024-12-31
538,cascais,38.6979,-9.4215,289.68,57,20,3.13,PT,2024-12-31
539,nar'yan-mar,67.6713,53.087,267.83,92,100,11.57,RU,2024-12-31
540,maun,-19.9833,23.4167,301.13,78,75,1.54,BW,2024-12-31
541,opuwo,-18.0607,13.84,307.13,16,77,4.79,NA,2024-12-31
542,ternate,0.8,127.4,300.0,82,92,1.63,ID,2024-12-31
543,turkmenbasy,40.0222,52.9552,281.07,61,95,2.9,TM,2024-12-31
544,laminusa,5.5549,120.9136,301.76,70,99,1.58,PH,2024-12-31
545,strelka,58.0728,93.0344,262.58,95,100,2.77,RU,2024-12-31
546,altamira,-3.2033,-52.2064,302.52,70,100,1.92,BR,2024-12-31
547,gisborne,-38.6533,178.0042,287.94,76,94,6.57,NZ,2024-12-31
548,warmbad,-28.45,18.7333,306.9,10,0,6.92,NA,2024-12-31
549,forest,37.3638,-79.2897,281.46,94,75,2.57,US,2024-12-31
550,elliot lake,46.3834,-82.6331,272.97,75,95,1.63,CA,2024-12-31
551,sv. trojica v slov. goricah,46.5767,15.8769,271.12,100,100,2.06,SI,2024-12-31
552,midvagur,62.0511,-7.1939,271.61,64,75,7.72,FO,2024-12-31
553,darwin,-12.4611,130.8418,299.14,89,75,6.17,AU,2024-12-31
554,puerto escondido,15.85,-97.0667,297.61,78,40,3.09,MX,2024-12-31
555,alindao,5.0267,21.2088,310.95,11,7,3.48,CF,2024-12-31
556,khandyga,62.6667,135.6,226.9,97,33,0.21,RU,2024-12-31
557,adrian,41.8975,-84.0372,277.46,84,100,7.72,US,2024-12-31
558,bukama,-9.2,25.85,296.91,84,90,2.11,CD,2024-12-31
